collection_id,media_type,url,title,owner_id
1,Book,http://amzn.to/1kEjIzF,22 Immutable Laws of Branding,1
1,Book,http://amzn.to/1WHGjwM,Age of Propaganda,1
9,Book,http://www.amazon.com/gp/product/1118857666/ref=as_li_qf_sp_asin_il_tl?ie=UTF8&camp=1789&creative=9325&creativeASIN=1118857666&linkCode=as2&tag=ericjorg-20&linkId=PBZLC5JLBLK5FRSH,All In Startup,1
7,Book,http://www.amazon.com/gp/product/0143112449/ref=as_li_qf_sp_asin_il_tl?ie=UTF8&camp=1789&creative=9325&creativeASIN=0143112449&linkCode=as2&tag=ericjorg-20&linkId=567R366UIGOPNBCK,Andrew Carnegie,1
30,Book,http://www.amazon.com/gp/product/0143122762/ref=as_li_qf_sp_asin_il_tl?ie=UTF8&camp=1789&creative=9325&creativeASIN=0143122762&linkCode=as2&tag=ericjorg-20&linkId=W3BD3L2COFYQEFGH,Art of the Sale,1
2,Book,http://www.amazon.com/gp/product/162153247X/ref=as_li_qf_sp_asin_il_tl?ie=UTF8&camp=1789&creative=9325&creativeASIN=162153247X&linkCode=as2&tag=ericjorg-20&linkId=QIMPRIEOAAGE32G5,Brand Thinking and other Noble Pursuits,1
2,Book,http://www.amazon.com/gp/product/1591844061/ref=as_li_qf_sp_asin_il_tl?ie=UTF8&camp=1789&creative=9325&creativeASIN=1591844061&linkCode=as2&tag=ericjorg-20&linkId=LJABVKOA7DQAAROC,Business Stripped Bare,1
14,Book,http://www.amazon.com/gp/product/1591844061/ref=as_li_qf_sp_asin_il_tl?ie=UTF8&camp=1789&creative=9325&creativeASIN=1591844061&linkCode=as2&tag=ericjorg-20&linkId=LJABVKOA7DQAAROC,Business Stripped Bare,1
35,Book,http://www.amazon.com/gp/product/023117098X/ref=as_li_qf_sp_asin_il_tl?ie=UTF8&camp=1789&creative=9325&creativeASIN=023117098X&linkCode=as2&tag=ericjorg-20&linkId=QTMPZHZGT3S7GTOS,Charlie Munger: The Complete Investor,1
3,Book,http://www.amazon.com/gp/product/0684841460/ref=as_li_qf_sp_asin_il_tl?ie=UTF8&camp=1789&creative=9325&creativeASIN=0684841460&linkCode=as2&tag=ericjorg-20&linkId=Y6XRK3IES3KF2BLP,Competitive Advantage 1,1
37,Book,http://www.amazon.com/gp/product/1451686579/ref=as_li_qf_sp_asin_il_tl?ie=UTF8&camp=1789&creative=9325&creativeASIN=1451686579&linkCode=as2&tag=ericjorg-20&linkId=K5FUCU6XKHE3YOKV,Contagious,1
2,Book,http://www.amazon.com/gp/product/030746086X/ref=as_li_qf_sp_asin_il_tl?ie=UTF8&camp=1789&creative=9325&creativeASIN=030746086X&linkCode=as2&tag=ericjorg-20&linkId=PIONGKQPV6P5KVGU,Different,1
37,Book,http://www.amazon.com/gp/product/030746086X/ref=as_li_qf_sp_asin_il_tl?ie=UTF8&camp=1789&creative=9325&creativeASIN=030746086X&linkCode=as2&tag=ericjorg-20&linkId=PIONGKQPV6P5KVGU,Different,1
30,Book,http://www.amazon.com/gp/product/1591845831/ref=as_li_qf_sp_asin_il_tl?ie=UTF8&camp=1789&creative=9325&creativeASIN=1591845831&linkCode=as2&tag=ericjorg-20&linkId=L45JV2BDGGSNOLZX,Enchantment,1
9,Book,http://www.amazon.com/gp/product/0989200507/ref=as_li_qf_sp_asin_il_tl?ie=UTF8&camp=1789&creative=9325&creativeASIN=0989200507&linkCode=as2&tag=ericjorg-20&linkId=55V7Q7ZOFE6PWDGJ,Four Steps to The Epiphany,1
30,Book,http://www.amazon.com/gp/product/0307716902/ref=as_li_qf_sp_asin_il_tl?ie=UTF8&camp=1789&creative=9325&creativeASIN=0307716902&linkCode=as2&tag=ericjorg-20&linkId=ONBST73C724WCPIB,Getting More,1
33,Book,http://amzn.to/1Ny1o25,"Good Strategy, Bad Strategy",1
1,Book,http://amzn.to/1GT9XZ1,"Hey Whipple, Squeeze This",1
18,Book,http://www.amazon.com/gp/product/0679762884/ref=as_li_qf_sp_asin_il_tl?ie=UTF8&camp=1789&creative=9325&creativeASIN=0679762884&linkCode=as2&tag=ericjorg-20&linkId=MSKM7VQ5KG7SEES6,High Output Management,1
25,Book,http://www.amazon.com/gp/product/0679762884/ref=as_li_qf_sp_asin_il_tl?ie=UTF8&camp=1789&creative=9325&creativeASIN=0679762884&linkCode=as2&tag=ericjorg-20&linkId=MSKM7VQ5KG7SEES6,High Output Management,1
30,Book,http://www.amazon.com/gp/product/0671027034/ref=as_li_qf_sp_asin_il_tl?ie=UTF8&camp=1789&creative=9325&creativeASIN=0671027034&linkCode=as2&tag=ericjorg-20&linkId=EQSPY3XTF4HG2F47,How to Win Friends and Influence People,1
18,Book,http://www.amazon.com/gp/product/006124189X/ref=as_li_qf_sp_asin_il_tl?ie=UTF8&camp=1789&creative=9325&creativeASIN=006124189X&linkCode=as2&tag=ericjorg-20&linkId=KELIPSFZM5D2VTH2,Influence,1
26,Book,http://www.amazon.com/gp/product/006124189X/ref=as_li_qf_sp_asin_il_tl?ie=UTF8&camp=1789&creative=9325&creativeASIN=006124189X&linkCode=as2&tag=ericjorg-20&linkId=KELIPSFZM5D2VTH2,Influence,1
30,Book,http://www.amazon.com/gp/product/006124189X/ref=as_li_qf_sp_asin_il_tl?ie=UTF8&camp=1789&creative=9325&creativeASIN=006124189X&linkCode=as2&tag=ericjorg-20&linkId=KELIPSFZM5D2VTH2,Influence,1
37,Book,http://www.amazon.com/gp/product/006124189X/ref=as_li_qf_sp_asin_il_tl?ie=UTF8&camp=1789&creative=9325&creativeASIN=006124189X&linkCode=as2&tag=ericjorg-20&linkId=KELIPSFZM5D2VTH2,Influence,1
2,Book,http://www.amazon.com/gp/product/1591846218/ref=as_li_qf_sp_asin_il_tl?ie=UTF8&camp=1789&creative=9325&creativeASIN=1591846218&linkCode=as2&tag=ericjorg-20&linkId=ZGM3K3B5QY3C6TYT,Insanely Simple,1
7,Book,http://www.amazon.com/gp/product/1118379888/ref=as_li_qf_sp_asin_il_tl?ie=UTF8&camp=1789&creative=9325&creativeASIN=1118379888&linkCode=as2&tag=ericjorg-20&linkId=FNQAYOGQ52BSQ4AT,It's all about Who,1
13,Book,http://www.amazon.com/gp/product/1118379888/ref=as_li_qf_sp_asin_il_tl?ie=UTF8&camp=1789&creative=9325&creativeASIN=1118379888&linkCode=as2&tag=ericjorg-20&linkId=FNQAYOGQ52BSQ4AT,It's All About Who,1
14,Book,http://www.amazon.com/gp/product/1118379888/ref=as_li_qf_sp_asin_il_tl?ie=UTF8&camp=1789&creative=9325&creativeASIN=1118379888&linkCode=as2&tag=ericjorg-20&linkId=FNQAYOGQ52BSQ4AT,It's All About Who,1
15,Book,http://www.amazon.com/gp/product/1118379888/ref=as_li_qf_sp_asin_il_tl?ie=UTF8&camp=1789&creative=9325&creativeASIN=1118379888&linkCode=as2&tag=ericjorg-20&linkId=FNQAYOGQ52BSQ4AT,It's All About Who,1
18,Book,http://amzn.to/1Syppuq,Letters from a Self Made Merchant to His Son,1
3,Book,http://amzn.to/1IfLwkC,Made in America,1
7,Book,http://amzn.to/1IfLwkC,Made in America,1
31,Book,http://amzn.to/1IfLwkC,Made in America,1
16,Book,http://www.amazon.com/gp/product/142212312X/ref=as_li_qf_sp_asin_il_tl?ie=UTF8&camp=1789&creative=9325&creativeASIN=142212312X&linkCode=as2&tag=ericjorg-20&linkId=ANUDCC5J77S56BRY,Managing Onesself,1
1,Book,http://amzn.to/1PjBzZU,My Life in Advertising,1
1,Book,http://amzn.to/1MR2ZGl,Ogilvy on Advertising,1
31,Book,http://www.amazon.com/gp/product/0385483821/ref=as_li_qf_sp_asin_il_tl?ie=UTF8&camp=1789&creative=9325&creativeASIN=0385483821&linkCode=as2&tag=ericjorg-20&linkId=H42OJPDZOKRIGDEE,Only the Paranoid Survive,1
2,Book,http://amzn.to/1wMFyAp,Playing to Win,1
3,Book,http://amzn.to/1wMFyAp,Playing to Win,1
26,Book,http://amzn.to/1wMFyAp,Playing to Win,1
33,Book,http://amzn.to/1wMFyAp,Playing to Win,1
1,Book,http://amzn.to/1HBBDw6,Robert Collier Letterbook,1
21,Book,http://www.amazon.com/gp/product/0385347022/ref=as_li_qf_sp_asin_il_tl?ie=UTF8&camp=1789&creative=9325&creativeASIN=0385347022&linkCode=as2&tag=ericjorg-20&linkId=CPFE4E3IRS6RD7XD,Scaling up Excellence,1
1,Book,http://amzn.to/1PjBvcK,Scientific Advertising,1
37,Book,http://www.amazon.com/gp/product/1578644283/ref=as_li_qf_sp_asin_il_tl?ie=UTF8&camp=1789&creative=9325&creativeASIN=1578644283&linkCode=as2&tag=ericjorg-20&linkId=S64ODP6CXUCBNTNP,Seeking Wisdom,1
2,Book,http://www.amazon.com/gp/product/1451648537/ref=as_li_qf_sp_asin_il_tl?ie=UTF8&camp=1789&creative=9325&creativeASIN=1451648537&linkCode=as2&tag=ericjorg-20&linkId=ZJKP5LDLGVHZJTWD,Steve Jobs,1
33,Book,http://amzn.to/1m2vGE8,Strategy of History,1
1,Book,http://amzn.to/1PjDwFI,Tested Advertising Methods,1
13,Book,http://www.amazon.com/gp/product/1625275773/ref=as_li_qf_sp_asin_il_tl?ie=UTF8&camp=1789&creative=9325&creativeASIN=1625275773&linkCode=as2&tag=ericjorg-20&linkId=UW63SWVM6YQEYT5T,The Alliance,1
15,Book,http://www.amazon.com/gp/product/0312430000/ref=as_li_qf_sp_asin_il_tl?ie=UTF8&camp=1789&creative=9325&creativeASIN=0312430000&linkCode=as2&tag=ericjorg-20&linkId=2JB7EVM7TEYXWCZG,The Checklist Manifesto,1
23,Book,http://www.amazon.com/gp/product/0312430000/ref=as_li_qf_sp_asin_il_tl?ie=UTF8&camp=1789&creative=9325&creativeASIN=0312430000&linkCode=as2&tag=ericjorg-20&linkId=2JB7EVM7TEYXWCZG,The Checklist Manifesto,1
30,Book,http://www.amazon.com/gp/product/0312430000/ref=as_li_qf_sp_asin_il_tl?ie=UTF8&camp=1789&creative=9325&creativeASIN=0312430000&linkCode=as2&tag=ericjorg-20&linkId=7CHUYLF4HKPV4BNU,The Checklist Manifesto,1
3,Book,http://amzn.to/1A3OX7V,The End of Competitive Advantage,1
7,Book,http://www.amazon.com/gp/product/0316219282/ref=as_li_qf_sp_asin_il_tl?ie=UTF8&camp=1789&creative=9325&creativeASIN=0316219282&linkCode=as2&tag=ericjorg-20&linkId=HI3IPYFY6S4BEWHH,The Everything Store,1
16,Book,http://www.amazon.com/gp/product/1422188612/ref=as_li_qf_sp_asin_il_tl?ie=UTF8&camp=1789&creative=9325&creativeASIN=1422188612&linkCode=as2&tag=ericjorg-20&linkId=XCZZDWJHGNBONPYA,The First 90 Days,1
9,Book,http://www.amazon.com/gp/product/0884271951/ref=as_li_qf_sp_asin_il_tl?ie=UTF8&camp=1789&creative=9325&creativeASIN=0884271951&linkCode=as2&tag=ericjorg-20&linkId=A7CLN3CS3YW3WQLM,The Goal,1
21,Book,http://www.amazon.com/gp/product/0884271951/ref=as_li_qf_sp_asin_il_tl?ie=UTF8&camp=1789&creative=9325&creativeASIN=0884271951&linkCode=as2&tag=ericjorg-20&linkId=A7CLN3CS3YW3WQLM,The Goal,1
14,Book,http://amzn.to/1Sypmi1,The Hard Thing About Hard Things,1
18,Book,http://amzn.to/1Sypmi1,The Hard Thing About Hard Things,1
21,Book,http://amzn.to/1Sypmi1,The Hard Thing About Hard Things,1
22,Book,http://www.amazon.com/gp/product/1422121038/ref=as_li_qf_sp_asin_il_tl?ie=UTF8&camp=1789&creative=9325&creativeASIN=1422121038&linkCode=as2&tag=ericjorg-20&linkId=GNAJQTI5IC42PFRB,The Origin of Wealth,1
7,Book,http://www.amazon.com/gp/product/1400077303/ref=as_li_qf_sp_asin_il_tl?ie=UTF8&camp=1789&creative=9325&creativeASIN=1400077303&linkCode=as2&tag=ericjorg-20&linkId=EUFX4E3YSH57LLCA,Titan,1
8,Book,http://www.amazon.com/gp/product/0976339609/ref=as_li_qf_sp_asin_il_tl?ie=UTF8&camp=1789&creative=9325&creativeASIN=0976339609&linkCode=as2&tag=ericjorg-20&linkId=OUVRWIBDO5Z42SFJ,Traction,1
16,Book,http://www.amazon.com/gp/product/0684840049/ref=as_li_qf_sp_asin_il_tl?ie=UTF8&camp=1789&creative=9325&creativeASIN=0684840049&linkCode=as2&tag=ericjorg-20&linkId=XMCZWI4LGXRSPTYD,True Professionalism,1
25,Book,http://www.amazon.com/gp/product/0684840049/ref=as_li_qf_sp_asin_il_tl?ie=UTF8&camp=1789&creative=9325&creativeASIN=0684840049&linkCode=as2&tag=ericjorg-20&linkId=XMCZWI4LGXRSPTYD,True Professionalism,1
17,Book,http://www.amazon.com/gp/product/1594485380/ref=as_li_qf_sp_asin_il_tl?ie=UTF8&camp=1789&creative=9325&creativeASIN=1594485380&linkCode=as2&tag=ericjorg-20&linkId=IRR6XU4MN7FCDU42,Where Good Ideas Come From,1
25,Book,http://www.amazon.com/gp/product/1455554790/ref=as_li_qf_sp_asin_il_tl?ie=UTF8&camp=1789&creative=9325&creativeASIN=1455554790&linkCode=as2&tag=ericjorg-20&linkId=QIGRPZ4HCLFTEEYE,Work Rules!,1
3,Book,http://amzn.to/1BNHj5J,Zero to One,1
11,Book,http://amzn.to/1BNHj5J,Zero to One,1
15,Book,http://amzn.to/1BNHj5J,Zero to One,1
33,Book,http://amzn.to/1BNHj5J,Zero to One,1
35,Book,http://amzn.to/1BNHj5J,Zero to One,1
36,Book,http://amzn.to/1BNHj5J,Zero to One,1
30,Post,http://25iq.com/2014/05/17/a-dozen-things-ive-learned-about-marketing-distribution-and-sales/,"A Dozen Things I've Learned about Marketing, Distribution, and Sales",1
30,Post,http://a16z.com/2014/05/30/selling-saas-products-dont-sell-themselves/,"If Saas Products Sell Themselves, Why Do We Need Sales?",1
15,Post,http://a16z.com/2014/07/30/the-happy-demise-of-the-10x-engineer/,The Happy Demise of The 10x Engineer,1
34,Post,http://a16z.com/2015/01/18/12-things-learned-from-chris-dixon-about-startups/,12 Things I've Learned From Chris Dixon About Startups,1
6,Post,http://abovethecrowd.com/2011/05/24/all-revenue-is-not-created-equal-the-keys-to-the-10x-revenue-club/,All Revenue is Not Created Equal: The Keys to the 10X Revenue Club | Above,1
35,Post,http://abovethecrowd.com/2011/05/24/all-revenue-is-not-created-equal-the-keys-to-the-10x-revenue-club/,All Revenue is Not Created Equal: The Keys to the 10X Revenue Club | Above,1
10,Post,http://abovethecrowd.com/2012/09/04/the-dangerous-seduction-of-the-lifetime-value-ltv-formula/,The Dangerous Seduction of the Lifetime Value (LTV) Formula | Above the Cro,1
26,Post,http://abovethecrowd.com/2013/04/18/a-rake-too-far-optimal-platformpricing-strategy/,A Rake Too Far: Optimal Platform Pricing Strategy,1
1,Post,http://adexchanger.com/publishers/the-changing-handshake-of-programmatic-deals/,The Changing Handshake of Programmatic Deals,1
11,Post,http://andrewchen.co/how-to-be-a-growth-hacker-an-airbnbcraigslist-case-study/,How to Be A Growth Hacker: Airbnb Case Study,1
11,Post,http://andrewchen.co/social-network-marketing-getting-from-zero-to-critical-mass/,Social Network Marketing: Getting from Zero to Critical Mass,1
8,Post,http://andrewchen.co/theres-only-a-few-ways-to-scale-user-growth-and-heres-the-list/,There's Only A Few Ways to Scale User Growth and Here's the List,1
28,Post,http://andrewchen.co/when-has-a-consumer-startup-hit-productmarket-fit/,When Has A Consumer Startup Hit Product-Market Fit?,1
28,Post,http://andrewchen.co/zero-to-productmarket-fit-presentation/,Zero to Product-Market Fit,1
25,Post,http://asserttrue.blogspot.com/2015/04/the-performance-review-process-needs-to.html#,The Performance Review Process Needs to Die,1
27,Post,http://attackwithnumbers.com/i-love-product-management,I Love Product Management Library,1
11,Post,http://austenallred.com/user-acquisition/book/chapter/press/,The Hacker's Guide to Getting Press,1
28,Post,http://avc.com/2010/03/being-fat-is-not-healthy/,Being Fat Is Not Healthy,1
35,Post,http://avc.com/2014/07/the-dentist-office-software-story/,The Dentist Office Software Story,1
19,Post,http://bhorowitz.com/a_good_place_to_work/,A Good Place to Work,1
26,Post,http://bit.ly/1HXMeCB,A Penny Saved: Psychological Pricing,1
14,Post,http://bit.ly/1lhmbsg,Creating Culture,1
31,Post,http://blog.acolyer.org/2015/04/29/applying-the-universal-scalability-law-to-organisations/,Applying the Universal Scalability Law to organisations | the morning paper,1
16,Post,http://blog.adamnash.com/2012/02/29/great-product-leaders-win-games/,"2 weeks, 2 months, 2 quarters framework",1
9,Post,http://blog.aircall.io/top-25-customer-success-bedside-readings-all-entrepreneurs-need/,Top 25 Customer Success bedside readings all entrepreneurs need | Aircall B,1
30,Post,http://blog.asmartbear.com/tech-support-is-sales.html,Tech Support *is* sales,1
1,Post,http://blog.bradleygauthier.com/david-ogilvy-headline-copywriting/,The Secret Behind David Ogilvy's Brilliant Headline Copywriting,1
4,Post,http://blog.eladgil.com/2012/04/never-ever-compromise-hiring-for.html,"Never, Ever Compromise: Hiring For Culture Fit",1
34,Post,http://blog.gardeviance.org/2015/08/on-common-fallacy-of-hypothesis-driven.html,On the common fallacy of hypothesis-driven business,1
27,Post,http://blog.generalassemb.ly/want-product-manager/,What Does It Take to Be a Project Manager,1
26,Post,http://blog.intercom.io/four-pricing-principals-to-never-forget/,Four Pricing Principles to Never Forget,1
27,Post,http://blog.intercom.io/rarely-say-yes-to-feature-requests/,Rarely Say Yes To Feature Requests,1
27,Post,http://blog.kentonkivestu.com/3-skillsets-for-PM-success,Three Skillsets for Project Management Success,1
4,Post,http://blog.leadpages.net/whos-on-your-team-how-leaders-build-dream-teams/,Startup Leadership: How Leaders Build Dream Teams or Blow it Big Time | Lea,1
26,Post,http://blog.lemonstand.com/5-pricing-strategies-you-should-test-on-your-ecommerce-store/,5 Pricing Strategies You Should Test On Your Ecommerce Store,1
4,Post,http://blog.mailchimp.com/maintaining-company-culture-through-onboarding/?utm_content=buffer07193&utm_medium=social&utm_source=twitter.com&utm_campaign=buffer,Maintaining Company Culture Through Onboarding,1
2,Post,http://blog.marketo.com/2015/01/engage-or-die-john-hagel-on-the-next-era-of-marketing.html,Engage or Die: John Hagel on The Next Era of Marketing,1
12,Post,http://blog.medallia.com/featured/welcome-aboard-medallia-spent-9360-hours-counting-onboarding/,"Welcome Aboard: Why Medallia has Spent 9,360 Hours (And Counting) Onboarding",1
28,Post,http://blog.pmarca.com/2010/03/20/the-revenge-of-the-fat-guy/,The Revenge of the Fat Guy,1
27,Post,http://blog.producthunt.com/post/98290786994/what-makes-a-great-product-manager-10-product,What Makes A Great Product Manager,1
27,Post,http://blog.proofdev.com/prioritizing-product-features-for-beginners/,Prioritizing Product Features for Beginners,1
5,Post,http://blog.samaltman.com/employee-equity,Employee Equity,1
15,Post,http://blog.samaltman.com/how-to-hire,How To Hire,1
29,Post,http://blog.samaltman.com/the-engineer-crunch,The Engineer Crunch,1
26,Post,http://blog.tiptaplab.com/3-Ways-to-Optimize-Product-Pricing-with-Psychology,3 Ways To Optimize Product Pricing Strategy,1
25,Post,http://blogs.adobe.com/adobelife/adobe-life-magazine/v1/check-in/,The Dreaded Performance Review? Not at Adobe.,1
4,Post,http://blogs.hbr.org/cs/2012/03/change_your_employees_minds_ch.html,"Change Your Employees' Minds, Change Your Business",1
28,Post,http://bokardo.com/principles-of-product-design/,Principles of Product Design,1
4,Post,http://boss.blogs.nytimes.com/2013/05/07/where-the-happy-talk-about-corporate-culture-is-wrong/?_r=0,Where the Happy Talk About Corporate Culture Is Wrong,1
13,Post,http://brucefwebster.com/2008/04/11/the-wetware-crisis-the-dead-sea-effect/,The Wetware Crisis: The Dead Sea Effect,1
24,Post,http://buff.ly/1h7Ad5v,How Coursera Cracked The Chinese Market,1
35,Post,http://business.time.com/2012/03/16/how-apple-made-vertical-integration-hot-again-too-hot-maybe/,"How Apple Made Vertical Integration Hot Again--Too Hot, Maybe",1
33,Post,http://businessmagazinegainesville.com/critically-thinking-innovation/,Critically Thinking Innovation,1
34,Post,http://cdixon.org/2011/06/20/foundermarket-fit/,Founder/market fit | cdixon blog,1
22,Post,http://cdixon.org/2015/01/31/come-for-the-tool-stay-for-the-network/,"Come For The Tool, Stay For The Network",1
20,Post,http://codelessinteractive.com/low-cost-provider/,Low Cost Provider,1
32,Post,http://codingvc.com/demo-day-pitching-part-2-telling-a-story,Demo Day Pitching Part 2: Telling A Story,1
5,Post,"http://content.time.com/time/business/article/0,8599,1946088,00.html",The Job Market: Is A Degree Worth It?,1
26,Post,http://conversionxl.com/pricing-experiments-you-might-not-know-but-can-learn-from/#,"Pricing Experiments You Might Not Know, But Can Learn From",1
4,Post,http://cultureamp.us2.list-manage2.com/track/click?u=7e9df299ac1c8b65f00f7c9f6&id=ab0c18d778&e=21eb1fcabd,Culture Starts at the Top,1
9,Post,http://customerdevlabs.com/2012/08/23/prioritizing-customer-segments-with-excel/,How To Prioritize Your Customer Segments,1
9,Post,http://customerdevlabs.com/2013/11/05/how-i-interview-customers/,How I Interview Customers,1
28,Post,http://danmartell.com/growthengine,Growth Engine,1
4,Post,http://dashes.com/anil/2010/11/the-other-startup-advice.html?utm_source=feedburner&utm_medium=feed&utm_campaign=Feed%3A+AnilDash+(Anil+Dash)&utm_content=Google+Reader,The Other Startup Advice - Anil Dash,1
36,Paper,http://direccion-estrategica.wikispaces.com/file/view/value+creation+versus+value+capture+-+2000.pdf,Value Creation Versus Value Capture Towards a Coherent Definition of Value in Strategy,1
26,Audio,http://drt.fm/rory-sutherland/,Dorm Room Tycoon Interview with Rory Sutherland,1
30,Post,http://dskang.com/post/35828532133/a-breakdown-of-how-i-was-talked-out-of-100,A Breakdown of How I Was Talked Out Of $100,1
33,Post,http://dupress.com/articles/business-ecosystems-come-of-age-business-trends/,Business Systems Come of Age,1
33,Video,http://ecorner.stanford.edu/authorMaterialInfo.html?mid=2351,"Unlearn Your MBA, Talk by David Henemeier Hansson",1
19,Video,http://ecorner.stanford.edu/authorMaterialInfo.html?mid=2425,Collaborative Innovation and A Pull Economy John Seely Brown,1
33,Post,http://edgeperspectives.typepad.com/edge_perspectives/2014/12/the-big-shift-in-strategy-part-1.html,The Big Shift In Strategy - Part 1,1
17,Post,http://edgeperspectives.typepad.com/edge_perspectives/2014/12/the-big-shift-in-strategy-part-1.html,The Big Shift In Strategy - Part 1,1
33,Post,http://edgeperspectives.typepad.com/edge_perspectives/2015/01/the-big-shift-in-strategy-part-2.html,The Big Shift In Strategy - Part 2,1
17,Post,http://edgeperspectives.typepad.com/edge_perspectives/2015/01/the-big-shift-in-strategy-part-2.html,The Big Shift In Strategy - Part 2,1
4,Post,http://elitebusinessmagazine.co.uk/people/item/a-quarter-of-employees-are-quitting-because-of-a-lack-of-transparency,A Quarter of Employees Are Quitting Because Of A Lack Of Transparency,1
11,Wikipedia,http://en.m.wikipedia.org/wiki/Distribution_(business),Wikipedia Article on Distribution,1
20,Wikipedia,http://en.wikipedia.org/wiki/Cost_leadership,Wikipedia Article on Cost Leadership,1
13,Paper,http://eprints.lse.ac.uk/26866/1/Psychological_contracts_%28LSERO%29.pdf,Psychological Contracts,1
26,Post,http://ericsink.com/bos/Product_Pricing.html,Product Pricing,1
22,Post,http://essays.nfx.com/an-epiphany-about-network-effects/,An Epiphany about Network Effects | NFX Essays,1
15,Post,http://farnamstreetblog.us4.list-manage1.com/track/click?u=8e07fafb870eb449ad41c8693&id=5ea4c0602a&e=7df3026673,"Want more diversity? Hire groups, not individuals",1
29,Post,http://firstround.com/review/An-Inside-Look-at-Facebooks-Method-for-Hiring-Designers,An Inside Look at Facebook's Method for Hiring Designers,1
15,Post,http://firstround.com/review/Heres-the-Advice-I-Give-All-of-Our-First-Time-Founders/,Here's The Advice I Give All Of Our First Time Founders,1
30,Post,http://firstround.com/review/The-39-Best-Pieces-of-Sales-Advice-Youll-Hear-This-Year/,The 39 Best Pieces of Sales Advice You'll Hear All Year,1
4,Post,http://firstround.com/review/80-of-Your-Culture-is-Your-Founder/,80% of Your Culture is Your Founder,1
4,Post,http://firstround.com/review/Culture-isnt-Kumbaya-stuff/,Culture Isn’t Kumbaya Stuff,1
26,Post,http://firstround.com/review/Dont-Leave-Money-on-the-Table-with-this-Crash-Course-in-Pricing/,Don't Leave Money on the Table with This Crash Course in Pricing,1
12,Post,http://firstround.com/review/Employee-Onboarding-at-Startups-Is-Broken-Heres-How-to-Fix-It/,Employee Onboarding at Startups is Broken. Here's How to Fix It,1
1,Post,http://firstround.com/review/expensifys-ceo-on-the-tactics-that-doubled-its-customer-base-in-just-six-months/,Expensify's CEO on Tactics That Doubled Its Customer Base in Just Six Months,1
29,Post,http://firstround.com/review/the-anatomy-of-the-perfect-sales-hiring-process/,The Anatomy of the Perfect Sales Hiring Process - First Round Review,1
14,Post,http://firstround.com/review/The-Best-Approach-to-the-Worst-Conversation/,The Best Approach To The Worst Conversation,1
29,Post,http://firstround.com/review/the-simple-numbers-that-could-change-how-you-hire/,The Simple Numbers That Could Change How You Hire,1
29,Post,http://firstround.com/review/this-is-how-coursera-competes-against-google-and-facebook-for-the-best-talent/,This Is How Coursera Competes Against Google And Facebook for The Best Talent,1
25,Post,http://firstround.com/review/This-is-Why-People-Leave-Your-Company/,This is Why People Leave Your Company - First Round Review,1
32,Post,http://firstround.com/review/This-Startup-Cracked-a-24-Billion-Market-with-Branding-Heres-Their-Formula/,This Startup Cracked a $24 Billion Market With Branding. Here's Their Formula,1
26,Post,http://firstround.com/review/WhatsApp-Used-This-Pricing-Strategy-to-Win-and-You-Can-Too/,Whatsapp Used This Pricing Strategy To Win and You Can Too,1
15,Post,http://firstround.us5.list-manage.com/track/click?u=dbca87c0c0a96a01ae10f5a13&id=14d4cfb3de&e=e90d15d93c,Here's Why You're Not Hiring the Best and the Brightest,1
15,Post,http://firstround.us5.list-manage.com/track/click?u=dbca87c0c0a96a01ae10f5a13&id=359ab3cc02&e=e90d15d93c,Mechanize Your Hiring Process to Make Better Decisions,1
30,Post,http://firstround.us5.list-manage.com/track/click?u=dbca87c0c0a96a01ae10f5a13&id=6688a4c3a9&e=e90d15d93c,"To Build An Amazing Sales Team, Start Here First",1
15,Post,http://firstround.us5.list-manage1.com/track/click?u=dbca87c0c0a96a01ae10f5a13&id=42cb069f32&e=e90d15d93c,The Best Hires Are Right Under Your Nose - Use This System to Never Miss Th,1
26,Post,http://fizzle.co/sparkline/most-common-pricing-mistake?tt,Most Common Pricing Mistakes,1
35,Post,http://fortune.com/2012/11/16/amazons-jeff-bezos-the-ultimate-disrupter/,"Jeff Bezos, The Ultimate Disruptor",1
5,Post,http://fortune.com/2015/01/28/zappos-employee-pay/,Zappos is bringing Uber-like surge pay to the workplace - Fortune,1
11,Post,http://fourhourworkweek.com/2013/09/29/marc-ecko/,"Marc Ecko's 10 Rules for Getting ""Influencer"" Attention",1
4,Post,http://geert-hofstede.com/organisational-culture.html,Organisational Culture - Geert Hofstede,1
28,Genius,http://genius.com/Alex-schultz-lecture-6-growth-annotated,Annotated Lecture on Growth,1
26,Post,http://gizmodo.com/5909063/how-to-make-sure-someone-will-buy-your-app,How to Make Sure Someone Will Buy Your App (Hint: Use Comic Sans),1
14,Post,http://guides.wsj.com/management/recruiting-hiring-and-firing/should-i-rank-my-employees/,Should I Rank My Employees? - Management - WSJ.com,1
5,Post,http://hbswk.hbs.edu/item/7281.html,Why Unqualified Candidates Get Hired Anyway — HBS Working Knowledge,1
25,Paper,http://hdl.handle.net/2097/17006,Performance appraisal satisfaction: the role of feedback and goal orientation,1
12,Paper,http://hr.gsu.edu/files/2014/03/Case-Study-6-to-9-month-approach.pdf,Case Study: First Horizon National’s 90-Day Onboarding Program Benefits The Company,1
29,Post,http://informationarbitrage.com/post/3481731905/recruiting-rule-1-sell-the-dream-not-the-job,"Recruiting rule #1: Sell the dream, not the job",1
32,Post,http://io9.gizmodo.com/5916970/the-22-rules-of-storytelling-according-to-pixar,"The 22 rules of storytelling, according to Pixar",1
24,Post,http://jamescohane.com/the-guide-to-business-development-and-partnerships/,Guide to Business Development and Partnerships,1
9,Post,http://jasonevanish.com/2013/08/11/95-ways-to-find-your-first-customers-for-customer-development-or-your-first-sale/,95 Ways To Find Your First Customers For Customer Development Or Your First Sale,1
19,Post,http://jasonevanish.com/2014/05/29/101-questions-to-ask-in-1-on-1s/,101 Questions to Ask in One on Ones « Building Customer Driven SaaS Product,1
27,Post,http://jasonevanish.com/2014/06/03/how-to-write-a-product-thesis-to-communicate-customer-needs-to-design-and-engineering-teams/,How To Write A Product Thesis to Communicate Customer Needs To Design And Development Teams,1
13,Post,http://jasonevanish.com/2014/06/11/10-common-ways-to-lose-good-employees/,10 Common Ways To Lost Good Employees,1
12,Post,http://jasonevanish.com/2014/07/02/why-replacing-a-good-employee-will-cost-you-65510/,"Why Replacing a Good Employee Will Cost you $65,510",1
37,Paper,http://journals.ama.org/doi/abs/10.1509/jmkg.75.1.46,Referral Programs and Customer Value,1
17,Post,http://kk.org/thetechnium/1000-true-fans/,1000 True Fans,1
24,Post,http://knowledge.wharton.upenn.edu/article/how-a-detour-can-help-start-up-success/?utm_source=kw_newsletter&utm_medium=email&utm_campaign=2015-08-12,How A Detroit Can Help Startup Success,1
10,Post,http://knowledge.wharton.upenn.edu/article/the-customer-lifetime-value-equation-will-it-pay-off-for-tech-companies/,The Customer Lifetime Value Equation: Will It Pay Off for Tech Companies? -,1
28,Video,https://www.youtube.com/watch?time_continue=1044&v=q7K0vRUKXKc,Paul Graham at Startup School 08,1
34,Post,http://longlogic.com/path-dependency-infrastructure-and-entrepreneurship,"Path Dependency, Infrastructure, and Entrepreneurship",1
8,Post,http://lsvp.com/2010/06/15/how-can-you-improve-ltv-and-cac/,How Can You Improve LTV and CAC,1
12,Post,http://m.fastcompany.com/61692/robert-stephens,Robert Stephens,1
17,Post,http://m.huffpost.com/us/entry/7267682,"Inside The Mind That Built Google Brain: On Life, Creativity, And Failure",1
4,Post,http://modelviewculture.com/pieces/how-perks-can-divide-us,How Perks Can Divide Us,1
2,Post,http://mungerisms.blogspot.com/2010/04/charlie-munger-turning-2-million-into-2.html,Mungerisms: Charlie Munger: Turning $2 Million Into $2 Trillion,1
25,Post,http://news.erento.com/projectphoenix/hr-tools-for-small-companies,HR Tools for Small Companies – Which Ones Are We Using?,1
32,Post,http://okdork.com/2014/04/21/why-content-goes-viral-what-analyzing-100-millions-articles-taught-us/,Why Content Goes Viral,1
25,Post,http://orghacking.com/2014/07/21/performance-reviews-and-functional-overloading/,Performance Reviews and Functional Overloading,1
4,Post,http://orghacking.com/2014/10/20/book-reinventing-organizations/,Reinventing Organizations,1
4,Post,http://orghacking.com/2014/10/27/culture-using-wilbers-4q-model/,Culture Using Wilbers 4Q Model,1
28,Post,http://orghacking.com/2015/04/27/the-illusion-of-product-market-fit/,The Illusion of Product Market Fit,1
25,Post,http://orghacking.com/2015/05/04/work-rules-book-review/,Work Rules Book Review,1
22,Post,http://oz.stern.nyu.edu/io/network.html,22,1
15,Post,http://paulenglish.com/hiring.html,hiring religion,1
5,Post,http://paulgraham.com/equity.html,The Equity Equation,1
17,Post,http://paulgraham.com/startupideas.html,How to Get Good Startup Ideas,1
34,Post,http://paulgraham.com/startupideas.html,How to Get Good Startup Ideas,1
35,Paper,http://people.stern.nyu.edu/adamodar/pdfiles/eqnotes/cap.pdf,Competitive Advantage Period,1
28,Post,http://pmarchive.com/guide_to_startups_part4.html,The Only Thing That Matters,1
22,Post,http://quibb.com/links/network-effects-returns-to-scale-and-barriers-to-entry-an-elaboration-on-nir-eyal-and-sangeet-paul-choudary-s-recent-techcrunch-article,"Network Effects, Returns to Scale, and Barriers to Entry: An elaboration on",1
15,Post,http://qz.com/258066/this-is-why-you-dont-hire-good-developers/,This Is Why You Don't Hire Good Developers,1
14,Post,http://randsinrepose.com/archives/seven-plus-or-minus-three/,Seven Plus or Minus Three,1
25,Post,http://randsinrepose.com/archives/seven-plus-or-minus-three/,Seven Plus or Minus Three,1
4,Post,http://rc3.org/2011/10/09/we-need-to-be-less-stingy-with-praise-and-acknowledgement/,We need to be less stingy with praise and acknowledgement,1
19,Post,http://ryancarson.com/post/49494542970/how-to-use-a-reddit-clone-to-boost-company-culture,How to Use a Reddit Clone to Boost Company Culture,1
26,Post,http://www.economist.com/blogs/democracyinamerica/2009/05/the_independence_of_irrelevant,The Importance Of Irrelevant Alternatives,1
4,Post,https://medium.com/@preetnation/how-we-hire-7d39858bad7b,How We Hire,1
4,Post,http://scottberkun.com/2014/critique-dont-fuck-up-culture/,A Critique of “Don’t Fuck Up The Culture”,1
32,Post,http://seedcamp.com/the-power-of-great-storytelling/,The Power of Great Storytelling,1
28,Post,http://sellingvc.com/2015/03/19/setting-up-sales-for-success/,Setting Up Sales For Success,1
11,Post,http://sethgodin.typepad.com/seths_blog/2005/05/what_every_good.html,What Every Good Marketer Knows,1
6,Post,http://sethgodin.typepad.com/seths_blog/2009/10/creating-sustainable-competitive-advantage.html,Seth's Blog: Creating sustainable competitive advantage,1
2,Post,http://sethgodin.typepad.com/seths_blog/2015/01/logo-vs-brand.html,Seth's Blog: Logo vs. Brand,1
22,Post,http://sethgodin.typepad.com/seths_blog/2015/06/word-of-mouse.html,Word of Mouse,1
2,Case Study,http://sloanreview.mit.edu/article/how-starbucks-has-gone-digital/,How Starbucks Has Gone Digital,1
26,Case Study,http://sloanreview.mit.edu/article/is-it-time-to-rethink-your-pricing-strategy/,Is It Time To Rethink Your Pricing Strategy?,1
33,Video,http://startupclass.samaltman.com/courses/lec05/,Competition is for Losers,1
4,Post,http://steveblank.com/2015/05/19/organizational-debt-is-like-technical-debt-but-worse/,Organizational Debt is like Technical Debt But Worse,1
27,Post,http://sunrise-product.tumblr.com/post/65058247717/how-we-use-github-for-everything-at-sunrise,How we use Github for Everything at Sunrise,1
14,Post,http://qz.com/406971/when-i-interview-someone-for-a-job-i-tell-the-candidate-how-i-would-fire-him/,"When I Interview Someone For a Job, I tell the Candidate How I Would Fire Him",1
25,Post,http://qz.com/406971/when-i-interview-someone-for-a-job-i-tell-the-candidate-how-i-would-fire-him/,"When I Interview Someone For a Job, I tell the Candidate How I Would Fire Him",1
30,Post,https://www.farnamstreetblog.com/2014/04/daniel-pink-to-sell-is-human/,The New ABCs of Selling,1
30,Post,https://hbr.org/2013/02/is-your-sales-organization-goo,Is Your Sales Organization Good or Great?,1
2,Article,http://www.theatlantic.com/magazine/archive/1982/02/have-you-ever-tried-to-sell-a-diamond/304575/?single_page=true,Have You Ever Tried To Sell A Diamond?,1
29,Post,http://firstround.com/review/How-Dave-Goldberg-of-SurveyMonkey-Built-a-Billion-Dollar-Business-and-Still-Gets-Home-By-5-30/,How Dave Goldberg of SurveyMonkey Built a Billion-Dollar Business and Still Gets Home By 5:30 PM,1
29,Post,https://hbr.org/2014/01/how-netflix-reinvented-hr/ar/2,How Netflix Reinvented HR,1
15,Post,https://hbr.org/2014/01/how-netflix-reinvented-hr/ar/2,How Netflix Reinvented HR,1
24,Post,http://jamescohane.com/when-almost-every-company-should-invest-in-biz-dev/,When (Almost) Every Company Should Invest in Business Development and Partnerships,1
33,Post,https://hbr.org/2015/05/the-first-question-to-ask-of-any-strategy?utm_content=bufferadd92&utm_medium=social&utm_source=twitter.com&utm_campaign=buffer,The First Question to Ask of Any Strategy | Kedron Rhodes,1
15,Post,http://hbswk.hbs.edu/item/why-unqualified-candidates-get-hired-anyway,Farnam Street: Why Unqualified Candidates Get Hired Anyway,1
2,Article,https://www.entrepreneur.com/article/228116,Billabong's Wipeout: Surfwear Brand Now Worthless,1
30,Post,https://philipdelvesbroughton.com/2013/08/09/the-7-touch-rule-in-sales/,The 7-touch rule in Sales,1
31,Post,http://firstround.com/review/speed-as-a-habit/,Speed as a Habit - First Round Review,1
29,Post,http://www.businessinsider.com/laszlo-bock-on-google-hiring-rules-2015-4,Google HR Boss Shares The Company's Four Rules For Hring Exceptional Employees,1
17,Paper,http://t.co/VeBrooA8OJ,How Twitter Users Can Generate Better Ideas,1
15,Post,http://baxleydesign.com/the-one-question-interview/,The One-Question Interview,1
35,Post,http://abovethecrowd.com/2011/05/24/all-revenue-is-not-created-equal-the-keys-to-the-10x-revenue-club/,All Revenue is Not Created Equal: The Keys to the 10X Revenue Club,1
29,Post,http://talent.linkedin.com/blog/index.php/2014/03/airbnb-candidate-experience-makeover,How Airbnb Gave Its Candidate Experience a Makeover,1
37,Post,http://techcrunch.com/2007/11/22/the-secret-strategies-behind-many-viral-videos/,"The Secret Strategies Behind Many ""Viral"" Videos | TechCrunch",1
22,Post,http://techcrunch.com/2012/11/04/the-network-effect-isnt-good-enough/,The Network Effect Isn’t Good Enough | TechCrunch,1
35,Post,http://techcrunch.com/2014/02/13/please-dont-tell-me-you-want-to-be-the-next-red-hat/,Please Don't Tell Me You Want To Be The Next Redhat,1
26,Post,http://techcrunch.com/2014/05/16/the-price-is-right-for-early-stage-saas-companies-it-needs-to-be/,"The Price Is Right: For Early-Stage SaaS Companies, It Needs To Be ",1
29,Post,http://techcrunch.com/2015/03/08/on-secretly-terrible-engineers/,On Secretly Terrible Engineers,1
27,Post,http://theaccidentalpm.com/customer-2/do-you-have-a-halal-strategy-for-your-product,Do You Have A Halal Strategy For Your Product?,1
13,Post,http://thedailywtf.com/Articles/Up-or-Out-Solving-the-IT-Turnover-Crisis.aspx,Up or Out: Solving The IT Turnover Crisis,1
36,Post,http://thenextweb.com/dd/2015/07/14/how-to-use-design-thinking-in-your-next-project/,How To Use Design Thinking In Your Next Project,1
27,Post,http://thenextweb.com/entrepreneur/2015/01/31/day-life-product-manager/,A Day In The Life Of A Product Manager,1
19,Post,http://thisweekinstartups.com/stewart-butterfield-flickr-slack-tiny-speck/,Flickr cofounder Stewart Butterfield raises another $43m for Slack,1
33,Post,http://thoughtcatalog.com/ryan-holiday/2014/01/24-books-to-hone-your-strategic-mind/,24 Books To Hone Your Strategic Mind,1
32,Post,http://time.com/53748/how-to-motivate-people-4-steps-backed-by-science/,How To Motivate People: 4 Steps Backed By Science,1
32,Post,http://tomtunguz.com/branding/,Tom Tunguz On Branding,1
25,Post,http://tomtunguz.com/hacking-performance-reviews/,Hacking Performance Reviews,1
29,Post,http://uk.businessinsider.com/how-google-beat-microsoft-to-engineers-in-aarhus-2015-4,How Google Beat Microsoft To Engineers In Aarhus,1
13,Post,http://vator.tv/news/2014-04-10-amazon-to-pay-employees-up-to-5000-to-quit,Amazon To Pay Employees Up To $5000 To Quit,1
27,Video,http://vimeo.com/109119961,Great Digital Products Don't Happen By Accident,1
28,Post,http://voices.allthingsd.com/20100317/the-case-for-the-fat-startup/,The Case for the Fat Startup,1
5,Post,http://web.mit.edu/e-club/hadzima/how-much-does-an-employee-cost.html,How Much Does An Employee Cost,1
17,Paper,http://web.mit.edu/mamd/www/tech_strat/courseMaterial/topics/topic4/readings/Eager_Sellers_and_Stony_Buyers/Eager_Sellers_and_Stony_Buyers.pdf/Eager_Sellers_and_Stony_Buyers.pdf,Eager Sellers & Stony Buyers,1
28,Post,http://web.stanford.edu/class/ee204/ProductMarketFit.html,Product Market Fit,1
19,Post,http://wiredcraft.com/posts/2013/09/18/github-for-everything.html,Github For Everything,1
32,Video,http://wistia.com/blog/sandwich-video-interview,Storytelling and Authenticity at Sandwich Video: An Interview with Adam Lisagor,1
24,Paper,http://www-management.wharton.upenn.edu/hsu/inc/doc/2015/19.pdf,Strategic Switchbacks: Dynamic Commercialization Strategies For Technology Entrepreneurs,1
13,Paper,http://www-rohan.sdsu.edu/~lshore/reprints_pdf/examining_degree_of_balance_and_level_of_obligation.pdf,Examining Degree Of Balance and Level of Obligation in the Employment Relationship: A Social Exchange Approach,1
15,Post,http://www.aaronsw.com/weblog/hiring,How I Hire Programmers (Aaron Swartz's Raw Thought),1
25,Book,http://www.amazon.com/gp/product/1576752003/ref=as_li_tl?ie=UTF8&camp=1789&creative=9325&creativeASIN=1576752003&linkCode=as2&tag=asse0a-20&linkId=2FHAA467FLIN5JSO,Abolishing Performance Reviews,1
4,Paper,http://www.anthropologyman.com/files/11_Meeting_the_Maasai.pdf,Meeting The Maasai: Messages for Management,1
15,Post,http://www.artima.com/wbc/interprogP.html,How To Interview A Programmer,1
5,Post,http://www.bankrate.com/finance/investing/pros-cons-company-stock.aspx,The Pros And Cons of Company Stock,1
25,Post,http://www.bhorowitz.com/do_you_feel_pressure_or_do_you_apply_pressure,Do You Feel Pressure Or Do You Apply Pressure?,1
19,Post,http://www.bhorowitz.com/do_you_feel_pressure_or_do_you_apply_pressure,Do You Feel Pressure Or Do You Apply Pressure?,1
19,Post,http://www.bhorowitz.com/one_on_one,One on One,1
31,Post,http://www.bhorowitz.com/taking_the_mystery_out_of_scaling_a_company,Taking The Mystery Out Of Scaling A Company,1
31,Post,http://www.bhorowitz.com/the_scale_anticipation_fallacy,The Scale Anticipation Fallacy,1
30,Post,http://www.bhorowitz.com/through_the_looking_glass_hiring_sales_people,Through the Looking Glass: Hiring Sales People,1
5,Post,http://www.bloomberg.com/bw/magazine/dan-ariely-how-to-pay-people-09222011.html,Dan Ariely: How To Pay People,1
4,Post,http://www.bloomberg.com/bw/stories/2006-04-30/the-art-of-motivation,The Art Of Motivation,1
2,Post,http://www.brainpickings.org/2013/05/01/brand-thinking-debbie-millman/,"Brand Thinking: Seth Godin, Malcolm Gladwell, Dan Pink, and Other Mavens",1
2,Post,http://www.brainpickings.org/index.php/2013/05/01/brand-thinking-debbie-millman/,"Brand Thinking: Seth Godin, Malcolm Gladwell, Dan Pink, and Other Mavens",1
25,Post,http://www.bticonsultants.com/US/Business-Services/Management-Tips/feb2013startstop/#.VaqoiJNViko,"How the ""Start-Keep-Stop"" Technique Helps Executives Perform",1
33,Post,http://www.businessinsider.com/amazons-jeff-bezos-on-profits-failure-succession-big-bets-2014-12,"Amazon's Jeff Bezos on Profits, Failure, Succession, and Big Bets",1
2,Post,http://www.businessinsider.com/this-is-brilliant-marketing-cards-against-humanity-offers-5-more-black-friday-deal-and-sales-spike-2013-12?fb_action_ids=10100182151269438&fb_action_types=og.recommends&fb_source=other_multiline&action_object_map=%255B370438206434499%255D&action_type_map=%255B%2522og.recommends%2522%255D&action_ref_map=%255B%255D,Look What Happened When This Games Company Offered An Absurd '$5 More' Blac,1
5,Post,http://www.businessinsider.com/working-at-amazon-no-free-food-and-a-low-salary-2012-11,"Working At Amazon: No Free Food, And A Low Salary",1
1,Post,http://www.buzzfeed.com/copyranter/all-the-great-1960s-volkswagen-ads,All The Great 1960s Volkswagen Ads,1
9,Post,http://www.cindyalvarez.com/lean/10-things-ive-learned-about-customer-development-2014,10 Things I’ve Learned About Customer Development (2014),1
8,Post,http://www.coelevate.com/essays/customer-acquisition,8,1
11,Post,http://www.coelevate.com/essays/traction-vs-growth,Traction vs Growth,1
11,Post,http://www.colalife.org/2010/12/19/how-coca-colas-distribution-system-works/,How Coca-Cola’s distribution system works,1
19,Article,http://www.crainsdetroit.com/article/20100117/free/301179994/no-secrets-businesses-find-it-pays-to-open-books-to-employees,No secrets: Businesses find it pays to open books to employees,1
13,Post,http://www.daedtech.com/how-to-keep-your-best-programmers,How To Keep Your Best Programmers,1
10,Post,http://www.dbmarketing.com/wp-content/uploads/2010/03/The-lifetime-value-of-a-Land-Line-Phone-Subscriber.pdf,The Lifetime Value of a Land Line Phone Subscriber,1
1,Post,http://www.ddb.com/BillBernbachSaid/why_bernbach_matters/revolutionary-work/,Revolutionary Work,1
27,Post,http://www.defmacro.org/2013/09/26/products.html,How To Build Great Products,1
36,Post,http://www.dianakander.com/blog/are-you-measuring-value-metrics,Are You Measuring Value Metrics?,1
32,Post,http://www.ducttapemarketing.com/blog/captivate-with-storytelling/,Captivate With Storytelling,1
16,Post,http://www.edbatista.com/2011/06/pam-fox-rollin-42-rules.html,42 rules for your new leadership role,1
32,Article,http://www.entrepreneur.com/article/251479,4 Elements of Brand Stories That Inspire Customer Loyalty,1
15,Post,http://www.ericsink.com/bos/Hazards_of_Hiring.html,Hazards of Hiring,1
24,Paper,http://www.erint.savap.org.pk/PDF/Vol.3(1)/ERInt.2014(3.1-03).pdf,Strategic Alliances: A Comparative Analysis of Successful Alliances in Large and Medium Scale Entreprises around the World,1
29,Post,http://www.ewherry.com/2012/06/the-recruiter-honeypot/,The Recruiter Honeypot,1
30,Post,http://www.farnamstreetblog.com/2013/07/ten-techniques-for-building-quick-rapport-with-anyone/,Ten Techniques For Building Quick Rapport With Anyone,1
17,Post,http://www.farnamstreetblog.com/2014/04/einstein-productive-thought-combinatory-creativity/,Einstein: Combinatory Play is the Essential Feature of Thought,1
17,Post,http://www.farnamstreetblog.com/2014/07/seneca-on-combinatorial-creativity/,Seneca on Gathering Ideas And Combinatorial Creativity,1
17,Article,http://www.fastcodesign.com/3042128/adobes-kickbox-the-kit-to-launch-your-next-big-idea,Adobe's KickBox: The Kit To Launch Your Next Big Idea,1
28,Post,http://www.fastcolabs.com/3014841/why-you-should-find-product-market-fit-before-sniffing-around-for-venture-money,Why You Should Find Product Market Fit Before Sniffing Around For Venture Money,1
24,Post,http://www.fastcompany.com/3033025/hit-the-ground-running/how-a-student-and-a-professor-became-business-partners,How A Student And A Professor Became Business Partners,1
32,Post,http://www.fastcompany.com/3052152/how-i-get-it-done/6-rules-for-great-storytelling-from-a-moth-approved-master-of-the-form,"6 Rules For Great Storytelling, From A Moth-Approved Master Of The Form",1
28,Post,http://www.feld.com/archives/2015/01/illusion-product-market-fit-saas-companies.html,The Illusion of Product Market Fit,1
24,Post,http://www.feld.com/archives/2015/01/small-company-make-big-company-successful-2.html,Small Companies Make Big Companies Successful,1
2,Post,http://www.fool.com/investing/general/2015/02/09/2-reasons-investors-should-love-starbucks-corp-in.aspx,2 Reasons Investors Should Love Starbucks Corp. in 2015,1
24,Post,http://www.forbes.com/2002/07/18/0719alliance.html,5 Keys To Creating Successful Strategic Alliances,1
6,Post,http://www.forbes.com/2010/02/19/protecting-trade-secrets-leadership-managing-halligan-haas.html,The Secret of Trade Secret Success,1
26,Post,http://www.forbes.com/sites/dorieclark/2012/02/23/how-raising-prices-can-increase-your-sales/,How Raising Prices Can Increase Your Sales,1
15,Post,http://www.forbes.com/sites/drucker/2013/04/09/advice-from-a-billionaire/,Advice From A Billionaire,1
35,Post,http://www.forbes.com/sites/groupthink/2015/04/23/secrets-to-scaling-up-remember-that-not-all-revenue-is-created-equal/,Secrets To Scaling Up -- Remember That Not All Revenue Is Created Equal,1
6,Post,http://www.forbes.com/sites/stevedenning/2012/11/20/what-killed-michael-porters-monitor-group-the-one-force-that-really-matters/,What Killed Michael Porter's Monitor Group? The One Force That Really Matters,1
6,Post,http://www.forbes.com/sites/stevedenning/2013/06/02/its-official-the-end-of-competitive-advantage/,It's Official: The End Of Competitive Advantage,1
8,Post,http://www.forentrepreneurs.com/lessons-learnt-viral-marketing/,Lessons Learnt in Viral Marketing,1
10,Post,http://www.forentrepreneurs.com/saas-metrics-2-definitions/,SaaS Metrics 2.0 - Detailed Definitions,1
10,Post,http://www.forentrepreneurs.com/saas-metrics-2/,SaaS Metrics 2.0 - Detailed Definitions,1
10,Post,http://www.forentrepreneurs.com/startup-killer/,Startup Killer: The Cost Of Customer Acquisition,1
8,Post,http://www.forentrepreneurs.com/startup-killer/,Startup Killer: The Cost Of Customer Acquisition,1
10,Post,http://www.forentrepreneurs.com/why-churn-is-critical-in-saas/,Why Churn is SO critical to success in SaaS,1
17,Paper,http://www.foundercentric.com/tools/idea-generation,Idea Generation Workbook,1
2,Post,http://www.geekwire.com/2014/qa-starbucks-digital-chief-adam-brotman-mobile-ordering-delivery-international-availability/,"Q&A: Starbucks Digital Chief Adam Brotman on mobile ordering, delivery and international",1
2,Post,http://www.geekwire.com/2014/starbucks-annual-meeting/,More than 14% of Starbucks transactions are now made with a mobile device,1
2,Post,http://www.geekwire.com/2014/starbucks-square-payments-venture-ran-steam/,How the Starbucks and Square payments venture ran out of steam,1
30,Video,http://www.gettingmore.com/2011/01/getting-more-google/,Getting More @Google,1
29,Post,http://www.greenhouse.io/blog/talent-role-spotlight-candidate-experience-at-medallia,Candidate Experience at Medallia,1
26,Post,http://www.gsb.stanford.edu/insights/asking-consumers-compare-may-have-unintended-results,Asking Consumers to Compare May Have Unintended Results,1
26,Post,http://www.gsb.stanford.edu/insights/jennifer-aaker-happiness-time-connection,Jennifer Aaker: The Happiness-Time Connection,1
25,Post,http://www.helpscout.net/blog/candor-in-workplace/,The Lost Art of Candor In The Workplace,1
12,Post,http://www.hrtalentmanagement.com/2014/09/19/adding-rituals-adds-value/,Adding Rituals Adds Value,1
4,Post,http://www.huffingtonpost.com/2015/04/23/salesforce-pay-gap_n_7126892.html,Salesforce CEO Takes Radical Step To Pay Men And Women Equally,1
24,Post,http://www.huffingtonpost.com/ciara-pressler/business-partnership-basi_b_6303410.html,Business Partnership Best Practices: Creating and Cultivating Valuable Alliances,1
29,Post,http://www.humanworkplace.com/10-ways-companies-drive-away-talent/,10 Ways Companies Drive Away Talent,1
29,Post,http://www.humanworkplace.com/keep-job-candidates-warm/,How To Keep Job Candidates Warm,1
29,Post,http://www.humanworkplace.com/recruit-human-voice/,How To Recruit With a Human Voice,1
20,Post,http://www.ifm.eng.cam.ac.uk/research/dstools/porters-generic-competitive-strategies/,Porter's Generic Competitive Strategies,1
13,Article,http://www.inc.com/geoffrey-james/the-true-secret-of-employee-motivation.html,The True Secret of Employee Motivation,1
5,Article,http://www.inc.com/geoffrey-james/the-true-secret-of-employee-motivation.html,The True Secret of Employee Motivation,1
13,Article,http://www.inc.com/kimberly-weisul/alliance-reid-hoffman-hiring-in-defense-of-caginess.html,"Reid Hoffman on Hiring, in Defense of Caginess",1
12,Post,http://www.inc.com/magazine/20081001/ask-robert-stephens.html,Ask Robert Stephens,1
9,Article,http://www.inc.com/magazine/20110201/how-great-entrepreneurs-think.html,How Great Entprereurs Think,1
25,Article,http://www.infoq.com/presentations/performance-appraisals,Performance Appraisals,1
10,Paper,http://www.insead.edu/facultyresearch/research/doc.cfm?did=51835,[INSEAD] Measuring Customer Lifetime Value: Models and Analysis,1
11,Legal,http://www.justice.gov/atr/cases/f2600/2613toc_htm.htm,US vs. Microsoft: Proposed Findings of Face,1
28,Post,http://www.k9ventures.com/blog/2015/02/10/finding-problem-worth-solving/,Finding A Problem Worth Solving,1
26,Audio,http://www.kalzumeus.com/2012/09/21/ramit-sethi-and-patrick-mckenzie-on-why-your-customers-would-be-happier-if-you-charged-more/,Why Your Customers Would Be Happier If You Charged More,1
27,Post,http://www.kennorton.com/,10x Not 10% Product Management by Orders of Magnitude,1
30,Post,http://www.linkedin.com/today/post/article/20130613141634-130311-why-your-startup-needs-a-sales-methodology,Why Your Startup Needs A Sales Methodology,1
25,Post,http://www.managementexchange.com/story/atlassians-big-experiment-performance-reviews,Atlassian's Big Experiment in Performance Reviews,1
26,Post,http://www.neurosciencemarketing.com/blog/articles/round-pricing.htm,How To Set The Right Price Every Time,1
2,Audio,http://www.npr.org/blogs/money/2012/02/03/146356117/who-killed-lard,Who Killed Lard? on Planet Money,1
15,Post,http://www.nytimes.com/2014/02/23/opinion/sunday/friedman-how-to-get-a-job-at-google.html?ref=todayspaper&_r=0,How to Get a Job at Google,1
15,Post,http://www.paulgraham.com/hiring.html,Hiring is Obsolete,1
26,Post,http://www.paulolyslager.com/decoy-effect-price-tables/,The Decoy Effect in Price Tables,1
26,Post,http://www.priceintelligently.com/blog/saas-pricing-page-teardown-hubspot-pricing-strategy,Saas Pricing Teardown: Hubspot's Pricing Strategy,1
26,Quora,http://www.quora.com/Are-there-any-examples-where-increasing-the-price-of-a-product-actually-boosted-sales,Are there any Examples where Increasing the Price of a Product Actually Boosted Sales,1
8,Quora,http://www.quora.com/What-are-unit-economics,What Are Unit Economics?,1
2,Quora,http://www.quora.com/What-exactly-does-Starbucks-mobile-payments-app-do-that-it-is-so-successful,"What Exactly Does Starbucks Mobile Payments App Do, That It Is So Successful?",1
27,Quora,http://www.quora.com/What-is-Amazons-approach-to-product-development-and-product-management,What is Amazon's approach to product development and product management?,1
10,Quora,http://www.quora.com/What-is-Netflixs-lifetime-value-of-a-customer,What is Netflix's lifetime value of a customer?,1
15,Quora,http://www.quora.com/What-is-wrong-with-the-hiring-process,What is Wrong With The Hiring Process?,1
17,Quora,http://www.quora.com/Will-I-become-a-billionaire-if-I-am-determined-to-be-one-and-put-in-the-necessary-work-required,Will I become a Billionaire If I am Determined to Be One and Put In the Necessary Work?,1
13,Post,http://www.randsinrepose.com/archives/2011/07/12/bored_people_quit.html,Bored People Quit,1
4,Post,http://www.randsinrepose.com/archives/2011/10/11/the_rands_test.html,Rands In Repose: The Rands Test,1
16,Post,http://www.ryanholiday.net/advice-to-a-young-man-hoping-to-go-somewhere-or-get-something-from-someone-successful/,Advice to a Young Man Hoping to Go Somewhere (Or Get Something From Someone Successful),1
31,Post,http://www.saastr.com/a-real-life-saas-case-study-eloqua-marketo-pardot-there-are-3-different-paths-to-success-my-young-paduan/,A Real Life SaaS Case Study: Eloqua. Marketo. Pardot. There Are 3 Different Paths To Success,1
27,Post,http://www.sachinrekhi.com/blog/2013/02/19/the-most-underrated-product-management-skill-influence-without-authority,The Most Underrated Product Management Skill: Influence Without Authority,1
26,Webcomic,http://www.scottmccloud.com/1-webcomics/icst/icst-6/icst-6.html,Coins Of The Realm Part 2,1
30,Post,http://www.sequoiacap.com/grove/posts/quuj/getting-to-no-the-key-to-startup-selling,Getting To No: The Key To Startup Selling,1
2,Post,http://www.slate.com/articles/business/branded/2012/04/ykk_zippers_why_so_many_designers_use_them_.html,YKK Zippers: Why so many Designers use Them,1
4,Presentation,http://www.slideshare.net/adamliebman/saleshackernyc-adam-liebman-37283687,How To Hire The Right Team From Day One,1
24,Presentation,http://www.slideshare.net/CiscoCanada/build-buy-or-ally-growth-strategies-for-business,Build Or Ally With Growth Strategies for Business,1
20,Presentation,http://www.slideshare.net/dipalij07/porters-generic-strategies-with-examples,Porter's Generic Strategies with Examples,1
8,Presentation,http://www.slideshare.net/dmc500hats/startup-metrics-for-pirates-kaust-nov-2013,Startup Metrics for Pirates (Nov 2012),1
8,Presentation,http://www.slideshare.net/dmc500hats/startup-metrics-for-pirates-nov-2012,Startup Metrics for Pirates (Nov 2012),1
28,Presentation,http://www.slideshare.net/evanish/getting-to-product-market-fit,Getting to Product Market Fit,1
4,Presentation,http://www.slideshare.net/fcosaez/joshua-slayton,Do The Wrong Things The Right Way,1
4,Presentation,http://www.slideshare.net/HubSpot/the-hubspot-culture-code-creating-a-company-we-love,The Hubspot Culture Code: Creating A Company We Love,1
32,Presentation,http://www.slideshare.net/powerfulpoint/pixar-22rulestophenomenalstorytellingpowerfulpointslideshare,22 Rules To Phenomenal Storytelling,1
4,Presentation,http://www.slideshare.net/reed2001/culture-1798664,Netflix Culture: Freedom & Responsibility,1
32,Presentation,http://www.slideshare.net/ryanspoon/how-to-create-an-early-stage-pitch-deck/11-The_Flow_The_Big_Idea,How To Create And Early Stage Pitch Deck,1
22,Presentation,http://www.slideshare.net/seanellis/slides-from-lean-startup-circle-la?from=ss_embed,Driving Sustainable Growth at Normal vs. Network Effect Etartups,1
16,Presentation,http://www.slideshare.net/stephenpa/rock-bands-guitar-heroes-and-management-theory-presentation,"Rock Bands, Guitar Heroes, and Management Theory",1
28,Post,http://www.startup-marketing.com/the-startup-pyramid/,The Startup Pyramid,1
28,Post,http://www.startup-marketing.com/using-survey-io/,Using Survey.io,1
1,Post,http://www.stevenfeeney.com/blog/a-66-year-old-letter-to-the-startups-of-today/,A 66-year-old Letter To The Startups of Today,1
25,Post,http://www.strategy-business.com/article/00275?gko=c442b,Kill Your Performance Rankings,1
4,Post,http://www.techdirt.com/blog/casestudies/articles/20110608/23514814631/jeff-bezos-innovation-stubborn-vision-flexible-details.shtml,Jeff Bezos On Innovation: Stubborn On Vision; Flexible On Details | Techdir,1
16,Video,http://www.ted.com/talks/amy_cuddy_your_body_language_shapes_who_you_are,Amy Cuddy: Your body language shapes who you are,1
5,Video,http://www.ted.com/talks/sheryl_sandberg_why_we_have_too_few_women_leaders#t-268594,Sheryl Sandberg on Why We Have Too Few Women Leaders,1
17,Video,http://www.ted.com/talks/shimpei_takahashi_play_this_game_to_come_up_with_original_ideas?language=en,Shimpei Takahashi: Play This Game to Come Up With Original Ideas,1
2,Video,http://www.ted.com/talks/simon_sinek_how_great_leaders_inspire_action?language=en,Simon Sinek On How Great Leaders Inspire Action,1
17,Video,http://www.ted.com/talks/steven_johnson_where_good_ideas_come_from?language=en#t-546002,Steven Johnson: Where good ideas come from,1
26,Article,http://www.theatlantic.com/business/archive/2015/01/the-psychological-difference-between-1200-and-1167/384993/?single_page=true,The Psychological Difference Between $12.00 and $11.67,1
32,Article,http://www.theatlantic.com/entertainment/archive/2016/01/into-the-woods-excerpt/421566/,All Stories Are The Same,1
27,Post,http://www.theeffectiveengineer.com/blog/what-makes-a-good-engineering-culture,What makes a good engineering culture?,1
1,Book Excerpt,http://www.thegaryhalbertletter.com/Newletter-archives-protected/Boron/TChapter22.htm,"The Gary Halbert Letters, Chapter 22",1
1,Book Excerpt,http://www.thegaryhalbertletter.com/Newletter-archives-protected/Boron/TChapter6.htm,"The Gary Halbert Letters, Chapter 6",1
1,Book Excerpt,http://www.thegaryhalbertletter.com/Newletter-archives-protected/Boron/TChapter7.htm,"The Gary Halbert Letters, Chapter 7",1
1,Book,http://www.thegaryhalbertletter.com/newsletter-archives.htm,"The Gary Halbert Letters, Full Archive",1
20,Post,http://www.theinnovativemanager.com/the-two-business-strategies-cost-leadership-and-benefit-leadership-and-where-michael-porter-missed-the-mark/,The Two Business Strategies: Cost Leadership and Benefit Leadership,1
4,Paper,http://www.tnellen.com/ted/tc/schein.html,Schein's Organizational Culture & Leadership,1
30,Post,http://www.upshiftpartners.com/growth-hacking-a-boot-strappers-guide-to-turning-2000-into-2000000/,"Growth Hacking Techniques: A boot-strappers guide to turning $2000 into $2,000,000 in sales in 4 months.",1
4,Book,http://www.valvesoftware.com/company/Valve_Handbook_LowRes.pdf,Valve Handbook For Employees,1
22,Post,http://www.vox.com/2014/10/13/6968423/jean-tirole-platform-competition,One Paper by Nobel Prize winner Jean Tirole that Every Internet User Should Know,1
22,Article,http://www.wired.com/2014/03/building-next-whatsapp-instagram-network-effect-playbook/,Building the Next WhatsApp or Instagram: The Network Effect Playbook,1
32,Post,http://www.workingdifferently.org/working-differently-blog/the-pixar-pitch-telling-your-story-crisply-and-with-clarity-in-order-to-compel-action,The Pixar Pitch!  Telling your Story Crisply and with Clarity in order to Compel Action,1
6,Post,http://www.wsj.com/articles/peter-thiel-competition-is-for-losers-1410535536,"Peter Thiel: ""Competition Is for Losers""",1
4,Article,http://www.wsj.com/news/articles/SB10001424052702303513404577352221465986612,Patagonia's Founder Is America's Most Unlikely Business Guru,1
13,Post,http://www.zingtrain.com/content/servant-leadership,Zingerman's Servant Leadership,1
22,Post,http://wwwpub.utdallas.edu/~liebowit/palgrave/network.html,22,1
10,Post,https://25iq.com/2014/08/10/a-dozen-things-ive-learned-from-heidi-roizen-2/,A Dozen Things I've Learned From Heidi Roizen,1
29,Post,https://42floors.com/blog/uncategorized/consider-this-a-job-offer-to-work-at-42floors,Consider This a Job Offer To Work at 42 Floors,1
27,Post,https://a16z.files.wordpress.com/2014/08/good-product-manager.pdf,"Good Product Manager, Bad Product Manager",1
13,Post,https://blog.asana.com/2015/04/workstyle-customers/,Why This Person is Your Most Important Customer,1
26,Post,https://blog.kissmetrics.com/5-psychological-studies/,5 Psychological Studies on Pricing That You Absolutely Must Read,1
26,Post,https://blog.kissmetrics.com/the-biggest-pricing-challenge/,The Biggest Pricing Challenge,1
4,Post,https://blog.kissmetrics.com/zappos-art-of-culture/,Zappos' Art of Culture,1
12,Post,https://blog.percolate.com/2014/04/onboarding-at-percolate/,Onboarding at Percolate,1
36,Book,https://books.google.fr/books?hl=fr&lr=&id=lCdyJy8vg94C&oi=fnd&pg=PR11&dq=customer+value+management++brad+gale&ots=eaOQmkaNWe&sig=H4BzcjwSM9__3OjVxjh9pr-7MkU#v=onepage&q&f=false,Managing Customer Value,1
36,Book,https://books.google.fr/books?id=3Vowz4JRqkcC&pg=PA128&lpg=PA128&dq=eva+cva+pva&source=bl&ots=3P_GjnhqT-&sig=ZSwYgydpVrYXb3JolZ6PUF1mT44&hl=fr&sa=X&ved=0CDYQ6AEwA2oVChMIjreRiJbsxwIVR9gaCh3qkAq6#v=onepage&q=eva%20cva%20pva&f=false,Value-Based Metrics: Foundation and Practice,1
2,Case Study,https://cb.hbsp.harvard.edu/cbmp/content/35235971,https://cb.hbsp.harvard.edu/cbmp/content/35235971,1
32,Post,https://contently.com/strategist/2015/02/06/you-need-editors-not-brand-managers-marketing-legend-seth-godin-on-the-future-of-branded-content/,You Need Editors Not Brand Managers,1
36,Paper,https://dschool.stanford.edu/sandbox/groups/designresources/wiki/36873/attachments/74b3d/ModeGuideBOOTCAMP2010L.pdf?sessionID=9a5d0a2a0cd5fb6c26a567b2636b19513b76d0f4,An Introduction To Design Thinking,1
4,Wikipedia,https://en.wikipedia.org/wiki/Hofstede%27s_cultural_dimensions_theory,Wikipedia Entry on Cultural Dimensions Theory,1
1,Wikipedia,https://en.wikipedia.org/wiki/John_B._Watson,Wikipedia Entry on John B. Watson,1
19,Post,https://getlighthouse.com/blog/10-tips-manage-remote-employees/,10 Tips on Managing Remote Employees,1
13,Post,https://getlighthouse.com/blog/employee-turnover-why-employees-leave-waves-how-stop/,Employee Turnover: Why Employees Leave in Waves and How to Stop it,1
12,Post,https://gettingreal.37signals.com/ch08_Wordsmiths.php,Hiring The One Who Writes,1
24,Post,https://gist.github.com/isaacsanders/1653078,Joel Spolsky on Equity,1
34,Post,https://github.com/charlesfeng/startup-school-2013/blob/master/ChrisDixon.md,Chris Dixon at Startup School 2013,1
11,Post,https://hackpad.com/ep/pad/static/5RQex1Uv8Zf,Growth Hacking Cook Book,1
33,Post,https://hbr.org/1987/07/crafting-strategy,Crafting Strategy,1
5,Post,https://hbr.org/1993/09/why-incentive-plans-cannot-work,Why Incentive Plans Cannot Work,1
22,Post,https://hbr.org/2006/10/strategies-for-two-sided-markets,Strategies for Two Sided Markets,1
24,Post,https://hbr.org/2007/11/simple-rules-for-making-alliances-work,Simple Rules for Making Alliances Work,1
33,Post,https://hbr.org/2008/01/the-five-competitive-forces-that-shape-strategy,The Five Competitive Forces That Shape Strategy,1
16,Post,https://hbr.org/2009/01/picking-the-right-transition-strategy,Picking the Right Transition Strategy,1
16,Post,https://hbr.org/2009/01/the-quick-wins-paradox,The Quick Wins Paradox,1
16,Post,https://hbr.org/2009/06/obamas-first-90-days-2,Obama's First 90 Days,1
37,Post,https://hbr.org/2011/06/why-customer-referrals-can-drive-stunning-profits,Why Customer Referrals Can Drive Stunning Profits,1
33,Post,https://hbr.org/2012/03/disruptive-innovation-explaine.html,Disruptive Innovation Explained,1
35,Post,https://hbr.org/2012/12/todays-best-companies-are-hori,Today's Best Companies Are Horizontally Integrated,1
36,Post,https://hbr.org/2013/05/what-value-creation-will-look-like-in-the-future,What Value Creation Will Look Like In The Future,1
16,Post,https://hbr.org/2013/06/its-all-about-day-one,It's All About Day One,1
6,Post,https://hbr.org/2013/10/you-can-win-without-differentiation/,You Can Win Without Differentiation,1
13,Post,https://hbr.org/2014/01/how-netflix-reinvented-hr/ar/1,How Netflix Reinvented HR,1
13,Post,https://hbr.org/2014/01/to-raise-productivity-let-more-employees-work-from-home?utm_source=hackernewsletter&utm_medium=email&utm_term=working,To Raise Productivity Let More Employees Work From Home,1
13,Post,https://hbr.org/2014/08/managers-can-motivate-employees-with-one-word/,Managers Can Motivate Employees with One Word,1
35,Post,https://hbr.org/2014/10/capture-more-value,Capture More Value,1
4,Post,https://hbr.org/2015/03/6-rules-for-building-and-scaling-company-culture,6 Rules for Building and Scaling Company Culture,1
25,Post,https://hbr.org/2015/04/reinventing-performance-management,Reinventing Performance Management,1
16,Post,https://hbr.org/video/2363556825001/establish-credibility-in-a-new-job,Establish Credibility in a New Job,1
12,Post,https://kateheddleston.com/blog/onboarding-and-the-cost-of-team-debt,Onboarding and the Cost of Team Debt,1
4,Post,https://keen.io/blog/114074876071/how-to-scale-your-company-culture,How to scale your company culture,1
5,Post,https://keen.io/blog/29904565692/how-i-negotiated-my-startup-compensation,How I Negotiated My Startup Compensation,1
4,Post,https://medium.com/@bchesky/dont-fuck-up-the-culture-597cde9ee9d4#.wie636clr,Don’t Fuck Up the Culture,1
27,Post,https://medium.com/@crtr/diving-into-product-management-f0a61c1cf887,Diving Inro Product Management,1
27,Post,https://medium.com/@dannysauter/what-i-learned-reading-36-blog-posts-about-product-management-fcfd15801ee,What I Learned Reading 36 Blog Psts About Product Management,1
4,Post,https://medium.com/@dunn/creating-culture-21a117803f80,Creating Culture,1
12,Post,https://medium.com/@Liz_Hall1/onboarding-new-hires-with-trello-ecc87e87ffd5,Onboarding Newhires With Trello,1
27,Post,https://medium.com/@matbalez/product-manager-you-are-664d83ee702e?_hsenc=p2ANqtz-_ZZWCy_82h-7UXlkfD4r5B-IpJEykBEi0yXvmpaVKnk4Tuy7fBZzSyFS1syzX5Z1i70YmVutAC0gUgXEpp92pEqsdnmg&_hsmi=16066759,Product Manager You Area...,1
37,Post,https://medium.com/@mostlyalia/all-men-are-created-equal-bb5f96b413c3,All Men Are Created Equal,1
27,Post,https://medium.com/@NathCres/a-product-manager-s-musings-1c2bcca20c4e,A Product Manager’s Musings,1
26,Post,https://medium.com/@ninan99/saas-pricing-info-a785cf1114a4,Saas Pricing Info,1
27,Post,https://medium.com/@noah_weiss/50-articles-and-books-that-will-make-you-a-great-product-manager-aad5babee2f7,50 Article and Books That Will Make You a Great Product Manager,1
19,Post,https://medium.com/@rogerdudler/why-we-love-slack-b6c300d6248e,Why We Love Slack,1
17,Post,https://medium.com/@stewart/we-dont-sell-saddles-here-4c59524d650d,We Don't Sell Saddles Here,1
29,Post,https://medium.com/@teecycletim/open-letter-to-my-next-intern-13233a7128e9,Open Letter To My Next Intern,1
17,Post,https://medium.com/aspen-ideas/engineering-serendipity-941e601a9b65,Engineering Serendipity,1
29,Post,https://medium.com/backchannel/here-are-the-secrets-of-unicorn-companies-c8951b99215b,Here Are the Secrets of Unicorn Companies,1
16,Post,https://medium.com/evergreen-business-weekly/lets-stop-communicating-like-minions-evergreen-business-weekly-3-internal-communication-97a9705eb71a,Secrets to Perfecting Organizational Communication,1
32,Post,https://medium.com/firm-narrative/want-a-better-pitch-watch-this-328b95c2fd0b,Want a Better Pitch? Watch This.,1
34,Post,https://medium.com/hacker-daily/do-you-feel-your-idea-s-market-value-3ce5860e3b61#.o3zi89rgj,Do you feel your idea’s market value?,1
2,Post,https://medium.com/ideo-stories/tension-the-secret-sauce-of-brand-building-4fbcc00fff8b,Tension: The secret sauce of brand building.,1
4,Post,https://medium.com/keep-learning-keep-growing/bored-people-quit-7354792e0e6e,Bored People Quit,1
27,Post,https://medium.com/lets-make-things/navigating-the-product-maze-f7dce97eeb34,Navigating The Product Maze,1
27,Post,https://medium.com/managing-digital-products/so-you-want-to-manage-a-product-c664ba7e5138,So You Want to Manage a Product,1
27,Post,https://medium.com/pm-is-awesome/kathy-sierra-building-badass-users-73fd172d89a5,Kathy Sierra on Buliding Badass Users,1
27,Post,https://medium.com/pm-is-awesome/why-is-slack-so-great-c10a04f6b386,Why is Slack So Great,1
30,Post,https://medium.com/sales-hacks/4d84d02b6445,Getting Past Maybe: The Pitch and the Pendulum,1
34,Post,https://medium.com/swlh/the-startup-framework-to-validate-your-idea-before-you-spend-1-5c475a3bbd6f#.ni7fpb7c8,The Startup Framework To Validate Your Idea Before You Spend $1,1
10,Post,https://medium.com/venture-capital-growth-hacking/understanding-customer-acquisition-costs-74aec7538b4d,Understanding Customer Acquisition Costs,1
8,Post,https://medium.com/venture-capital-growth-hacking/understanding-customer-acquisition-costs-74aec7538b4d,Understanding Customer Acquisition Costs,1
1,Post,https://moz.com/blog/why-i-stopped-selling-seo-services-and-you-should-too,Why I Stopped Selling SEO Services and You Should Too,1
4,Post,https://moz.com/rand/diving-deep-on-tagfee/,Diving Deep on TAGFEE,1
4,Post,https://moz.com/rand/vision-based-framework/,Vision-Based Framework,1
4,Post,https://moz.com/rand/what-company-culture-is-and-is-not/,What Company Culture Is and Is NOT,1
25,Post,https://open.bufferapp.com/how-to-give-receive-feedback-work/,How To Give And Receive Feedback At Work,1
5,Post,https://open.bufferapp.com/introducing-open-salaries-at-buffer-including-our-transparent-formula-and-all-individual-salaries/,"Introducting Open Salaries At Buffer, Including Our Transparent Formula and All Individual Salaries",1
12,Post,https://robots.thoughtbot.com/automate-and-iterate-onboarding,Make Your New Hires Feel Welcome With Automated Onboarding,1
17,Post,https://robots.thoughtbot.com/the-product-design-sprint,The Product Design Sprint,1
5,Video,https://startupclass.co/courses/how-to-start-a-startup/lectures/64044,How to Manage,1
9,Video,https://startupclass.co/courses/how-to-start-a-startup/lectures/64045,How to Run a User Interview,1
24,Post,https://stratechery.com/2015/the-funnel-framework/,The Funnel Framework,1
19,Post,https://stripe.com/blog/email-transparency,Email Transparency,1
19,Post,https://stripe.com/blog/scaling-email-transparency,Scaling Email Transparency,1
30,Post,https://t.yesware.com/tl/4db8abbc3daa9b244d4642a8e57047af95e56425/ce289aa06196c63b2ca573e0b621805a/a58942517272cceee8e7868ae0d20044?ytl=http%3A%2F%2Fwww.yesware.com%2Fblog%2F2015%2F01%2F22%2Fcold-calling-strategies%2F,5 Counterintuitive Cold Calling Strategies (That Really Work),1
25,Post,https://t.yesware.com/tl/8b910e05837be39e51ff75877cc0ed96b76b2c45/e7e6575ae1ed6e2d1e622f6be3d60919/de979cf549cc8dfbac633a528170c86d?ytl=http%3A%2F%2Ffirstround.com%2Freview%2FThis-is-Why-People-Leave-Your-Company%2F,This is Why People Leave Your Company,1
4,Video,https://vimeo.com/131410262,"Anti-fragile and feedback. Trying to make up for the failures of ""agile."" -",1
31,Video,https://vimeo.com/85490944,Spotify Engineering Culture - part 1 on Vimeo,1
31,Video,https://vimeo.com/94950270,Spotify Engineering Culture - part 2 on Vimeo,1
20,Paper,https://www.bcgperspectives.com/content/articles/cost_efficiency_asset_optimization_beyond_cost_cutting_six_steps_achieving_competitive_advantage_cost_excellence/#chapter1,Six Steps to Achieving Competitive Advantage Through Cost Excellence,1
33,Post,https://www.bcgperspectives.com/content/Classics/vision_mission_role_of_center_center_and_periphery/,Center and Periphery,1
4,Post,https://www.covermymeds.com/main/what-makes-a-company-succeed/+,What Makes A Company Succeed,1
34,Post,https://www.evernote.com/shard/s14/sh/2cd91927-4b18-4992-800b-6d31daabe7e0/491f9c3bd96c9d81df2700375edad52d,How a Seed VC Approaches Pre-Product Startups,1
31,Post,https://www.facebook.com/notes/kent-beck/taming-complexity-with-reversibility/1000330413333156,Taming Complexity with Reversibility,1
11,Book,"https://www.google.com/url?sa=t&rct=j&q=&esrc=s&source=web&cd=5&cad=rja&uact=8&ved=0CDgQFjAE&url=http%3A%2F%2Fleananalyticsbook.com%2Fwp-content%2Fuploads%2F2014%2F08%2FTraction-1-3.pdf&ei=R9nmVIXCB4_8oQTmloHwDg&usg=AFQjCNEWe6DJWdllfUBBajlbgUXjAk5GKQ&bvm=bv.86475890,d.cGU",The first 3 chapters of Traction,1
27,Post,https://www.kennorton.com/essays/10x-not-10-percent.html,Product Managers Need To Know Who Their Internal Customers Are,1
8,Post,https://www.linkedin.com/pulse/20121002124206-18876785-how-to-model-viral-growth-the-hybrid-model,How to Model Viral Growth,1
37,Post,https://www.linkedin.com/pulse/20121002124206-18876785-how-to-model-viral-growth-the-hybrid-model,How to Model Viral Growth,1
16,Post,https://www.linkedin.com/pulse/20130321124421-20017018-just-got-hired-100-days-to-the-perfect-start,Just Got Hired? 100 Days To the Perfect Start,1
13,Post,https://www.linkedin.com/pulse/20140505132534-22330283-three-musts-to-retaining-superstar-talent,Three Musts To Retaining Superstar Talent,1
25,Post,https://www.linkedin.com/pulse/20140623211315-269697626-starting-anew,Starting Anew,1
34,Post,https://www.linkedin.com/pulse/marc-andreessen-product-market-fit-startups-marc-andreessen,On Product/market Fit for Startups,1
16,Post,https://www.linkedin.com/pulse/my-first-90-days-star-work-sam-shank,My First 90 Days: Be a Star at Work,1
29,Post,https://www.linkedin.com/pulse/open-letter-my-next-intern-tim-cigelske?trk=mp-author-card,Open Letter To My Next Intern,1
32,Post,https://www.linkedin.com/pulse/story-capital-wise-investment-hanson-hosein,Story Capital: A Wise Investment,1
32,Post,https://www.linkedin.com/pulse/storytelling-startups-whos-your-darth-vader-andrew-raskin,Storytelling for Startups: Who is Your Darth Vader?,1
25,Post,https://www.psychologytoday.com/blog/wired-success/201402/why-performance-appraisals-dont-improve-performance,Why Performance Appraisals Don't Improve Performance,1
24,Quora,https://www.quora.com/How-should-startups-approach-strategic-partnership-negotiations/answer/Chris-Butler-7,How Should Startups Approach Strategic Partnership Negotiations?,1
25,Quora,https://www.quora.com/How-should-startups-handle-performance-reviews?share=1,How Should Startups Handle Performance Reviews?,1
11,Quora,https://www.quora.com/What-are-great-examples-of-clever-product-distribution,What are Great Examples of Clever Product Distribution?,1
27,Quora,https://www.quora.com/What-distinguishes-the-Top-1-of-Product-Managers-from-the-Top-10,What Distinguishes the Top 1% of Product Managers from the Top 10%?,1
26,Post,https://www.sequoiacap.com/grove/posts/afed/pricing-your-product,Pricing Your Product,1
37,Post,https://www.techdirt.com/articles/20150212/07144630001/sriracha-boss-trademark-mmmmm-no-thanks.shtml?utm_source=UC+Dispatch&utm_campaign=484d3744ec-Dispatch_2014_Issue20&utm_medium=email&utm_term=0_de7676a4fb-484d3744ec-419020405&goal=0_de7676a4fb-484d3744ec-419020405,"Sriracha Boss On Trademark: Mmmmm, No Thanks",1
32,Video,https://www.ted.com/talks/j_j_abrams_mystery_box?language=en,"JJ Abrams: ""The Mystery Box""",1
32,Video,https://www.ted.com/talks/nancy_duarte_the_secret_structure_of_great_talks,"Nancy Duarte: ""The Secret Structure of Great Talks""",1
5,Tool,https://www.wealthfront.com/tools/startup-salary-equity-compensation,Startup Salary Equity Compensation,1
19,Video,https://www.youtube.com/watch?v=6fQHLK1aIBs,Startup School: How to Operate (Keith Rabois),1
4,Video,https://www.youtube.com/watch?v=9jtUz2lgOSU,How to hire The Right Team From Day One,1
2,Video,https://www.youtube.com/watch?v=9rIAbzXxV14,"Max Temkin, Cards Against Humanity",1
32,Video,https://www.youtube.com/watch?v=al3-Kl4BDUQ,The Mystery of Storytelling: Julian Friedmann,1
6,Video,https://www.youtube.com/watch?v=c4ZBVp8-9gA,"Michael Porter on Competitive Strategy at HBS, Part 1",1
29,Video,https://www.youtube.com/watch?v=g_6_kGDdjwI,Stephen Cohen: The Path To Palantir,1
31,Video,https://www.youtube.com/watch?v=gcS04BI2sbk,Reinventing Organizations,1
17,Video,https://www.youtube.com/watch?v=NugRZGDbPFU,Where Good Ideas Come From (TED),1
4,Video,https://www.youtube.com/watch?v=RfWgVWGEuGE,"Startup School: Culture (Brian Chesky, Alfred Lin) ",1
32,Video,https://www.youtube.com/watch?v=sioZd3AxmnE,Simon Sinek: Start with Why,1
17,Video,https://www.youtube.com/watch?v=U3Ce3Vs0Ec0,Where Good Ideas Come From (Talks @ Google),1
33,Video,https://www.youtube.com/watch?v=UZrTl16hZdk,Good Strategy/Bad Strategy: The Difference and Why It Matters,1
17,Video,https://www.youtube.com/watch?v=zN1bRp3NhGA,"Dr. R. Beau Lotto on Neuroscience, Innovation and Ideation",1
6,Video,https://www.youtube.com/watch?v=znzCtevIRLQ,"Michael Porter on Competitive Strategy at HBS, Part 2",1
1,Video,https://youtu.be/0kfsnjcUNiw?t=9m29s,A Conversation About Advertising with David Ogilvy,1
4,Video,https://youtu.be/0nDhp1EZpkA,A Morning of Coffee & Culture with Gary Vaynerchuk,1
13,Post,https://zapier.com/blog/top-employee-performance/,Top Employee Performance,1